﻿Attraction,Lat,Lng
Riksmuseum,52.36,4.8852
Van Gogh Museum,52.358416,4.881076
Anne Frank House,52.3752,4.884
Vondelpark,52.358,4.8686
ARTIS,52.366,4.9165
Royal Palace Amsterdam,52.3732,4.8914
NEMO Science Museum,52.3742,4.9123
Rembrandt House Museum,52.3694,4.9012
Stedelijk Museum,52.358,4.8798
Heineken Experience,52.3578,4.8918
Bloemenmarkt,52.3668,4.8913
Hortus Botanicus Amsterdam,52.3667,4.9082
Begijnhof,52.3695,4.8904
Maritime Museum,52.3717,4.915
Eye Film Museum,52.3843,4.9013
The Oude Church,52.3744,4.8982
Albert Cuyp Market,52.356,4.8954
De Wallen,52.3719,4.8959
ADAM Lookout,52.3839,4.9023
