﻿OBJECTNUMMER;Naam;Hoofdgroep;Functie;Foto;Website;Opmerking;Begin;Eind;SELECTIE;WKT_LNG_LAT;WKT_LAT_LNG;LNG;LAT;
3;"Oude Kerk 1306";"Religie";"Kerk";"Oude kerk.jpg";"";"Bron: Cornelis Anthonisz 1544";1306;0;"RELIGIE";"POINT(4.897985 52.3743134)";"POINT(52.3743134 4.897985)";4.897985;52.3743134;
4;"Windmolenzijdepoorthuis 1300-1380";"Militair";"Poort";"";"";"";1300;1380;"MILITAIR";"POINT(4.8967309 52.3770523)";"POINT(52.3770523 4.8967309)";4.8967309;52.3770523;
5;"Haarlemmerpoort 1425-1579";"Militair";"Poort";"Haarlemmerpoort.jpg";"";"Bron: Cornelis Anthonisz 1544";1425;1579;"MILITAIR";"POINT(4.8946872 52.3789139)";"POINT(52.3789139 4.8946872)";4.8946872;52.3789139;
6;"Bindwijkerpoort 1340-1425";"Militair";"Poort";"";"";"";1340;1425;"MILITAIR";"POINT(4.8910251 52.3689728)";"POINT(52.3689728 4.8910251)";4.8910251;52.3689728;
7;"Heiligewegspoort 1425-1610";"Militair";"Poort";"Heiligewegspoort1544.jpg";"";"Bron: Cornelis Anthonisz 1544";1425;1610;"MILITAIR";"POINT(4.8899512 52.3673477)";"POINT(52.3673477 4.8899512)";4.8899512;52.3673477;
8;"Regulierspoort 1452-1591";"Militair";"Poort";"Regulierspoort1544.jpg";"";"Bron: Cornelis Anthonisz 1544";1452;1591;"MILITAIR";"POINT(4.8933458 52.3670845)";"POINT(52.3670845 4.8933458)";4.8933458;52.3670845;
9;"Olofspoort 1380-1618";"Militair";"Poort";"SintOlofspoort.jpg";"";"Bron: Cornelis Anthonisz 1544";1380;1618;"MILITAIR";"POINT(4.8997059 52.3762283)";"POINT(52.3762283 4.8997059)";4.8997059;52.3762283;
10;"Sint-Anthonispoort 1466-1617";"Militair";"Poort";"Sint Anthonispoort.jpg";"";"Bron: Cornelis Anthonisz 1544";1466;1617;"MILITAIR";"POINT(4.9003372 52.3727951)";"POINT(52.3727951 4.9003372)";4.9003372;52.3727951;
12;"Nieuwe Kerk 1408";"Religie";"Kerk";"Nieuwe kerk.jpg";"";"Bron: Cornelis Anthonisz 1544";1408;0;"RELIGIE";"POINT(4.8917961 52.3739357)";"POINT(52.3739357 4.8917961)";4.8917961;52.3739357;
13;"St.-Elisabethskapel 1361-1492";"Religie";"Kapel";"Sint Elisabethskapel.jpg";"";"Bron: Cornelis Anthonisz 1544";1361;1492;"RELIGIE";"POINT(4.8913808 52.3728333)";"POINT(52.3728333 4.8913808)";4.8913808;52.3728333;
14;"Sint-Pieterskapel 1382-1578";"Religie";"Kapel";"Sint Pieterskapel.jpg";"";"Bron: Cornelis Anthonisz 1544";1395;1578;"RELIGIE";"POINT(4.8933558 52.3710098)";"POINT(52.3710098 4.8933558)";4.8933558;52.3710098;
15;"Regulierenklooster 1394-1532";"Religie";"Klooster";"Reguliersklooster.jpg";"";"Bron: Jacob van Deventer rond 1560";1394;1532;"RELIGIE";"POINT(4.8990421 52.3639374)";"POINT(52.3639374 4.8990421)";4.8990421;52.3639374;
16;"St.-Marienveld ten Nieuwenlichte- of Oude Nonnenklooster 1389-1578";"Religie";"Klooster";"Oude Nonnenklooster.jpg";"";"Bron: Cornelis Anthonisz 1544";1389;1578;"RELIGIE";"POINT(4.8958559 52.3690453)";"POINT(52.3690453 4.8958559)";4.8958559;52.3690453;
17;"Kartuizerklooster Sint-Andries-ter-Zaliger-Haven 1392-1578";"Religie";"Klooster";"Karthuizerklooster.jpg";"";"Bron: Jacob van Deventer rond 1560";1392;1578;"RELIGIE";"POINT(4.8818512 52.379303)";"POINT(52.379303 4.8818512)";4.8818512;52.379303;
18;"Sint-Claraconvent 1397-1578";"Religie";"Klooster";"SintClaraconvent.jpg";"";"Bron: Cornelis Anthonisz 1544";1397;1578;"RELIGIE";"POINT(4.8939619 52.3696289)";"POINT(52.3696289 4.8939619)";4.8939619;52.3696289;
19;"Sint-Agnes- of Agnietenklooster 1397-1578";"Religie";"Klooster";"Agnietenklooster.jpg";"";"Bron: Cornelis Anthonisz 1544";1397;1578;"RELIGIE";"POINT(4.895185 52.3701477)";"POINT(52.3701477 4.895185)";4.895185;52.3701477;
20;"Sint-Dionisius- of Nieuwe Nonnenklooster 1403-1578";"Religie";"Klooster";"Nieuwe Nonnenklooster.jpg";"";"Bron: Cornelis Anthonisz 1544";1403;1578;"RELIGIE";"POINT(4.8940201 52.3683434)";"POINT(52.3683434 4.8940201)";4.8940201;52.3683434;
21;"Sint-Margarethaconvent of Margrietenklooster 1406-1578";"Religie";"Klooster";"Margrietenconvent.jpg";"";"Bron: Cornelis Anthonisz 1544";1406;1578;"RELIGIE";"POINT(4.8941302 52.3709946)";"POINT(52.3709946 4.8941302)";4.8941302;52.3709946;
22;"Sint-Paulusbroedersklooster 1409-1579";"Religie";"Klooster";"Paulusbroedersconvent.jpg";"";"Bron: Cornelis Anthonisz 1544";1409;1579;"RELIGIE";"POINT(4.8976789 52.3710098)";"POINT(52.3710098 4.8976789)";4.8976789;52.3710098;
23;"Sint-Ceciliënklooster 1411-1578";"Religie";"Klooster";"Sint Cecilienklooster.jpg";"";"Bron: Cornelis Anthonisz 1544";1411;1578;"RELIGIE";"POINT(4.895813 52.3710594)";"POINT(52.3710594 4.895813)";4.895813;52.3710594;
24;"Sint-Maria Magdalenaklooster 1411-1579";"Religie";"Klooster";"Sint MariaMagdalenaklooster.jpg";"";"Bron: Cornelis Anthonisz 1544";1411;1579;"RELIGIE";"POINT(4.894156 52.3704491)";"POINT(52.3704491 4.894156)";4.894156;52.3704491;
25;"Sint-Catrijnenklooster  1412-1578";"Religie";"Klooster";"Catharinaklooster.jpg";"";"Bron: Cornelis Anthonisz 1544";1412;1578;"RELIGIE";"POINT(4.8955188 52.3706665)";"POINT(52.3706665 4.8955188)";4.8955188;52.3706665;
26;"Luciënconvent 1414-1578";"Religie";"Klooster";"Sint Lucienconvent.jpg";"";"Bron: Cornelis Anthonisz 1544";1414;1578;"RELIGIE";"POINT(4.890439 52.3702507)";"POINT(52.3702507 4.890439)";4.890439;52.3702507;
27;"Sint-Mariaconvent 1417-1578";"Religie";"Klooster";"Sint Mariaconvent.jpg";"";"Bron: Cornelis Anthonisz 1544";1417;1578;"RELIGIE";"POINT(4.8929949 52.3695526)";"POINT(52.3695526 4.8929949)";4.8929949;52.3695526;
28;"Sint-Ursula of Elf Duizend Maagdenconvent 1419-1578";"Religie";"Klooster";"Sint Ursulaklooster.jpg";"";"Bron: Cornelis Anthonisz 1544";1419;1578;"RELIGIE";"POINT(4.8974762 52.3704262)";"POINT(52.3704262 4.8974762)";4.8974762;52.3704262;
29;"Sint-Barbaraconvent 1425-1578";"Religie";"Klooster";"Sint Barbaraconvent.jpg";"";"";1425;1578;"RELIGIE";"POINT(4.894073 52.3700218)";"POINT(52.3700218 4.894073)";4.894073;52.3700218;
30;"Stadhuis 1390-1652";"Openbaar";"";"Stadhuis1544.jpg";"";"Bron: Cornelis Anthonisz 1544";1390;1652;"OPENBAAR";"POINT(4.892128 52.3730774)";"POINT(52.3730774 4.892128)";4.892128;52.3730774;
31;"Korsjespoort ca. 1490-1600";"Militair";"Poort";"Korsjespoort.jpg";"";"Bron: Cornelis Anthonisz 1544";1485;1610;"MILITAIR";"POINT(4.8923898 52.3769379)";"POINT(52.3769379 4.8923898)";4.8923898;52.3769379;
32;"Sint Olofskapel/ Oudezijds Kapel 1450-1586";"Religie";"Kapel";"SintOlofskapel.jpg";"";"Bron: Cornelis Anthonisz 1544";1450;1586;"RELIGIE";"POINT(4.899951 52.376152)";"POINT(52.376152 4.899951)";4.899951;52.376152;
33;"Sint-Jacobskapel 1435-1752";"Religie";"Kapel";"SintJakobskapel.jpg";"";"Bron: Cornelis Anthonisz 1544";1435;1752;"RELIGIE";"POINT(4.896904 52.3772392)";"POINT(52.3772392 4.896904)";4.896904;52.3772392;
34;"Heilige Sacramentsgasthuis 1422-1544";"Openbaar";"Gasthuis";"Sacramentsgasthuis.jpg";"";"Bron: Cornelis Anthonisz 1544";1422;1544;"OPENBAAR";"POINT(4.8912659 52.3701744)";"POINT(52.3701744 4.8912659)";4.8912659;52.3701744;
37;"Sint-Nicolaasgasthuis 1403-1867";"Openbaar";"Gasthuis";"Leprozenhuis.jpg";"";"Bron: Balthasar Florisz. van Berckenrode 1657";1403;1867;"OPENBAAR";"POINT(4.904449 52.3680649)";"POINT(52.3680649 4.904449)";4.904449;52.3680649;
38;"Sint Geertruidenklooster 1432-1578";"Religie";"Klooster";"SintGeertruidenklooster.jpg";"";"Bron: Cornelis Anthonisz 1544";1432;1578;"RELIGIE";"POINT(4.8931861 52.3754272)";"POINT(52.3754272 4.8931861)";4.8931861;52.3754272;
39;"Cellebroedersklooster 1440-1578";"Religie";"Klooster";"Cellebroedersklooster.jpg";"";"Bron: Cornelis Anthonisz 1544";1440;1578;"RELIGIE";"POINT(4.8932519 52.3704872)";"POINT(52.3704872 4.8932519)";4.8932519;52.3704872;
40;"Sint Maria Magdalenaklooster in Bethanien 1462-1578";"Religie";"Klooster";"Bethanienklooster.jpg";"";"Bron: Cornelis Anthonisz 1544";1462;1578;"RELIGIE";"POINT(4.898448 52.3718262)";"POINT(52.3718262 4.898448)";4.898448;52.3718262;
41;"Minderbroeders- of Grauwmonnikenklooster 1462-1578";"Religie";"Klooster";"Minderbroedersklooster.jpg";"";"Bron: Cornelis Anthonisz 1544";1462;1578;"RELIGIE";"POINT(4.8994408 52.3729935)";"POINT(52.3729935 4.8994408)";4.8994408;52.3729935;
42;"Cellezusters- of St.-Alexiusklooster 1475-1616";"Religie";"Klooster";"Cellezustersklooster.jpg";"";"Bron: Cornelis Anthonisz 1544";1475;1616;"RELIGIE";"POINT(4.8998971 52.373745)";"POINT(52.373745 4.8998971)";4.8998971;52.373745;
43;"Clarissenklooster 1494-1579";"Religie";"Klooster";"Clarissenklooster.jpg";"";"Bron: Cornelis Anthonisz 1544";1494;1579;"RELIGIE";"POINT(4.891984 52.3673286)";"POINT(52.3673286 4.891984)";4.891984;52.3673286;
44;"Zuiderkerk 1611";"Religie";"Kerk";"Zuiderkerk (2).jpg";"";"Bron: Gerrit de Broen 1774-1782";1611;0;"RELIGIE";"POINT(4.8997579 52.3702698)";"POINT(52.3702698 4.8997579)";4.8997579;52.3702698;
45;"Westerkerk 1620";"Religie";"Kerk";"Westerkerk.jpg";"";"Bron: Balthasar Florisz. van Berckenrode 1625";1620;0;"RELIGIE";"POINT(4.8838682 52.374485)";"POINT(52.374485 4.8838682)";4.8838682;52.374485;
46;"Noorderkerk 1623";"Religie";"Kerk";"Noorderkerk.jpg";"";"Bron: Balthasar Florisz. van Berckenrode 1625";1623;0;"RELIGIE";"POINT(4.8864441 52.3796272)";"POINT(52.3796272 4.8864441)";4.8864441;52.3796272;
47;"Heiligewegspoort 1610-1663";"Militair";"Poort";"Heiligewegspoort 1625.jpg";"";"Bron: Balthasar Florisz. van Berckenrode 1625";1610;1663;"MILITAIR";"POINT(4.8885102 52.3668213)";"POINT(52.3668213 4.8885102)";4.8885102;52.3668213;
48;"Haarlemmerpoort 1615-1837";"Militair";"Poort";"Haarlemmerpoort1625.jpg";"";"Bron: Balthasar Florisz. van Berckenrode 1625";1615;1837;"MILITAIR";"POINT(4.8833499 52.3848648)";"POINT(52.3848648 4.8833499)";4.8833499;52.3848648;
49;"Zaagmolenpoort 1613-1857";"Militair";"Poort";"Zaagmolenpoort.jpg";"";"Bron: Gerrit de Broen 1774-1782";1613;1857;"MILITAIR";"POINT(4.8789401 52.3789482)";"POINT(52.3789482 4.8789401)";4.8789401;52.3789482;
50;"Raampoort 1648-1844";"Militair";"Poort";"Raampoort.jpg";"";"Bron: Gerrit de Broen 1774-1782";1648;1844;"MILITAIR";"POINT(4.8763361 52.3741264)";"POINT(52.3741264 4.8763361)";4.8763361;52.3741264;
51;"Regulierspoort 1591-1688";"Militair";"Poort";"Regulierspoort 1657.jpg";"";"Bron: Balthasar Florisz. van Berckenrode 1657";1591;1688;"MILITAIR";"POINT(4.8962779 52.3659859)";"POINT(52.3659859 4.8962779)";4.8962779;52.3659859;
52;"Sint-Anthonispoort 1617-1663";"Militair";"Poort";"Sint Anthonispoort 2.jpg";"";"Bron: Balthasar Florisz. van Berckenrode 1657";1617;1663;"MILITAIR";"POINT(4.9053779 52.3679962)";"POINT(52.3679962 4.9053779)";4.9053779;52.3679962;
53;"Pesthuis 1616-1635";"Openbaar";"Gasthuis";"";"";"";1616;1635;"OPENBAAR";"POINT(4.886734 52.3659935)";"POINT(52.3659935 4.886734)";4.886734;52.3659935;
54;"Dolhuis 1562-1793";"Openbaar";"Gasthuis";"Dolhuis.jpg";"";"Bron: Gerrit de Broen 1774-1782";1562;1793;"OPENBAAR";"POINT(4.8973818 52.3707542)";"POINT(52.3707542 4.8973818)";4.8973818;52.3707542;
55;"Aalmoezeniershuis 1578-1666";"Openbaar";"Gasthuis";"Aalmoeseniershuis.jpg";"";"Bron: Balthasar Florisz. van Berckenrode 1625";1578;1666;"OPENBAAR";"POINT(4.890882 52.3672829)";"POINT(52.3672829 4.890882)";4.890882;52.3672829;
56;"Rasphuis 1596-1815";"Openbaar";"Strafinrichting";"Rasp.jpg";"";"Bron: Balthasar Florisz. van Berckenrode 1625";1596;1815;"OPENBAAR";"POINT(4.891222 52.3675346)";"POINT(52.3675346 4.891222)";4.891222;52.3675346;
57;"Spinhuis 1597-1782";"Openbaar";"Strafinrichting";"Spinhuis.jpg";"";"Bron: Balthasar Florisz. van Berckenrode 1625";1597;1782;"OPENBAAR";"POINT(4.8971028 52.3705902)";"POINT(52.3705902 4.8971028)";4.8971028;52.3705902;
58;"Burgerweeshuis 1579-1966";"Openbaar";"Weeshuis";"Burgerweeshuis.jpg";"";"Bron: Balthasar Florisz. van Berckenrode 1625";1579;1966;"OPENBAAR";"POINT(4.8905282 52.3703117)";"POINT(52.3703117 4.8905282)";4.8905282;52.3703117;
59;"Oudemannen- en Oudevrouwengasthuis 1601";"Openbaar";"Ouderenzorg";"Oude mannenhuis.jpg";"";"Bron: Balthasar Florisz. van Berckenrode 1625";1601;0;"OPENBAAR";"POINT(4.8976789 52.3710098)";"POINT(52.3710098 4.8976789)";4.8976789;52.3710098;
60;"Prinsenhof 1661-1795";"Openbaar";"Admiraliteit";"Prinsenhof I.jpg";"";"Bron: Gerrit de Broen 1774-1782";1661;1795;"OPENBAAR";"POINT(4.8955288 52.3709831)";"POINT(52.3709831 4.8955288)";4.8955288;52.3709831;
61;"De Beurs van Hendrick de Keyser 1611-1838";"Openbaar";"Financieel";"Beurs 1611.jpg";"";"Bron: Balthasar Florisz. van Berckenrode 1625";1611;1838;"OPENBAAR";"POINT(4.893115 52.3720818)";"POINT(52.3720818 4.893115)";4.893115;52.3720818;
62;"Wisselbank 1609-1820";"Openbaar";"";"wisselbank.jpg";"";"Bron: Balthasar Florisz. van Berckenrode 1625";1609;1820;"OPENBAAR";"POINT(4.8922081 52.3733025)";"POINT(52.3733025 4.8922081)";4.8922081;52.3733025;
63;"Stadsbank van Lening 1614";"Openbaar";"Financieel";"";"";"";1614;0;"OPENBAAR";"POINT(4.894424 52.3709641)";"POINT(52.3709641 4.894424)";4.894424;52.3709641;
64;"De Waag 1617";"Openbaar";"";"Waag Nieuwmarkt.jpg";"";"Bron: Balthasar Florisz. van Berckenrode 1625";1617;0;"OPENBAAR";"POINT(4.9003448 52.3728142)";"POINT(52.3728142 4.9003448)";4.9003448;52.3728142;
66;"Montelbaanstoren 1517";"Militair";"";"Montelbaanstoren.jpg";"";"Bron: Cornelis Anthonisz 1544";1517;0;"MILITAIR";"POINT(4.9056611 52.3720207)";"POINT(52.3720207 4.9056611)";4.9056611;52.3720207;
67;"Begijnhofkapel 1671";"Religie";"Kapel";"";"";"";1671;0;"RELIGIE";"POINT(4.8896322 52.3693199)";"POINT(52.3693199 4.8896322)";4.8896322;52.3693199;
68;"Bolwerk Blaauwhoofd 1613-1830";"Militair";"";"B1.jpg";"";"Bron: Gerrit de Broen 1774-1782";1613;1830;"MILITAIR";"POINT(4.8899651 52.3894348)";"POINT(52.3894348 4.8899651)";4.8899651;52.3894348;
69;"Bolwerk De Bogt 1613-1830";"Militair";"";"B2.jpg";"";"Bron: Gerrit de Broen 1774-1782";1613;1830;"MILITAIR";"POINT(4.8854179 52.3887215)";"POINT(52.3887215 4.8854179)";4.8854179;52.3887215;
70;"Bolwerk Westerbeer 1613-1830";"Militair";"";"B3.jpg";"";"Bron: Gerrit de Broen 1774-1782";1613;1830;"MILITAIR";"POINT(4.8836432 52.3865013)";"POINT(52.3865013 4.8836432)";4.8836432;52.3865013;
71;"Bolwerk Sloterdijk 1613-1813";"Militair";"";"B4.jpg";"";"Bron: Gerrit de Broen 1774-1782";1613;1813;"MILITAIR";"POINT(4.8820801 52.3840485)";"POINT(52.3840485 4.8820801)";4.8820801;52.3840485;
72;"Bolwerk Haarlem 1613-1815";"Militair";"";"B5.jpg";"";"Bron: Gerrit de Broen 1774-1782";1613;1815;"MILITAIR";"POINT(4.8805542 52.3816414)";"POINT(52.3816414 4.8805542)";4.8805542;52.3816414;
73;"Bolwerk Karthuizers 1613-1875";"Militair";"";"B6.jpg";"";"Bron: Gerrit de Broen 1774-1782";1613;1875;"MILITAIR";"POINT(4.8790669 52.3792839)";"POINT(52.3792839 4.8790669)";4.8790669;52.3792839;
74;"Bolwerk Slotermeer 1613-1875";"Militair";"";"B7.jpg";"";"Bron: Gerrit de Broen 1774-1782";1613;1875;"MILITAIR";"POINT(4.8774471 52.3768311)";"POINT(52.3768311 4.8774471)";4.8774471;52.3768311;
75;"Bolwerk Rijkeroord 1613-1877";"Militair";"";"B8.jpg";"";"Bron: Gerrit de Broen 1774-1782";1613;1877;"MILITAIR";"POINT(4.8759971 52.3744507)";"POINT(52.3744507 4.8759971)";4.8759971;52.3744507;
76;"Bolwerk Rijk 1613-1807";"Militair";"";"B9.jpg";"";"Bron: Gerrit de Broen 1774-1782";1613;1807;"MILITAIR";"POINT(4.8753839 52.3718529)";"POINT(52.3718529 4.8753839)";4.8753839;52.3718529;
77;"Bolwerk Nieuwkerk 1613-1807";"Militair";"";"B10.jpg";"";"Bron: Gerrit de Broen 1774-1782";1613;1807;"MILITAIR";"POINT(4.8769259 52.3693771)";"POINT(52.3693771 4.8769259)";4.8769259;52.3693771;
78;"Bolwerk Osdorp 1613-1807";"Militair";"";"B11.jpg";"";"Bron: Gerrit de Broen 1774-1782";1613;1807;"MILITAIR";"POINT(4.8784671 52.3670998)";"POINT(52.3670998 4.8784671)";4.8784671;52.3670998;
79;"Bolwerk Sloten 1613-1807";"Militair";"";"B12.jpg";"";"Bron: Gerrit de Broen 1774-1782";1613;1807;"MILITAIR";"POINT(4.8802562 52.3646736)";"POINT(52.3646736 4.8802562)";4.8802562;52.3646736;
80;"Bolwerk Schinkel 1663-1805";"Militair";"";"B13.jpg";"";"Bron: Gerrit de Broen 1774-1782";1663;1805;"MILITAIR";"POINT(4.8829098 52.3626366)";"POINT(52.3626366 4.8829098)";4.8829098;52.3626366;
81;"Bolwerk Amstelveen 1663-1804";"Militair";"";"B14.jpg";"";"Bron: Gerrit de Broen 1774-1782";1663;1804;"MILITAIR";"POINT(4.8861842 52.3610382)";"POINT(52.3610382 4.8861842)";4.8861842;52.3610382;
82;"Bolwerk Wetering 1663-1803";"Militair";"";"B15.jpg";"";"Bron: Gerrit de Broen 1774-1782";1663;1803;"MILITAIR";"POINT(4.8895521 52.3595085)";"POINT(52.3595085 4.8895521)";4.8895521;52.3595085;
83;"Bolwerk Reguliers 1663-1804";"Militair";"";"B16.jpg";"";"Bron: Gerrit de Broen 1774-1782";1663;1804;"MILITAIR";"POINT(4.8937769 52.359169)";"POINT(52.359169 4.8937769)";4.8937769;52.359169;
84;"Bolwerk Ouderkerk 1663-1804";"Militair";"";"B17.jpg";"";"Bron: Gerrit de Broen 1774-1782";1663;1804;"MILITAIR";"POINT(4.898057 52.3589096)";"POINT(52.3589096 4.898057)";4.898057;52.3589096;
85;"Bolwerk Westerblokhuis 1663-1877";"Militair";"";"B18.jpg";"";"Bron: Gerrit de Broen 1774-1782";1663;1877;"MILITAIR";"POINT(4.9021578 52.3596306)";"POINT(52.3596306 4.9021578)";4.9021578;52.3596306;
86;"Bolwerk Oosterblokhuis 1663-1864";"Militair";"";"B19.jpg";"";"Bron: Gerrit de Broen 1774-1782";1663;1864;"MILITAIR";"POINT(4.9062381 52.3603783)";"POINT(52.3603783 4.9062381)";4.9062381;52.3603783;
87;"Bolwerk Weesp 1663-1807";"Militair";"";"B20.jpg";"";"Bron: Gerrit de Broen 1774-1782";1663;1807;"MILITAIR";"POINT(4.9101291 52.3611832)";"POINT(52.3611832 4.9101291)";4.9101291;52.3611832;
88;"Bolwerk Diemen 1663-1756";"Militair";"";"B21.jpg";"";"Bron: Gerrit de Broen 1774-1782";1663;1756;"MILITAIR";"POINT(4.9140391 52.3619156)";"POINT(52.3619156 4.9140391)";4.9140391;52.3619156;
89;"Bolwerk Muiden 1663-1809";"Militair";"";"B22.jpg";"";"Bron: Gerrit de Broen 1774-1782";1663;1809;"MILITAIR";"POINT(4.917932 52.362709)";"POINT(52.362709 4.917932)";4.917932;52.362709;
90;"Bolwerk Oetewaal 1663-1810";"Militair";"";"B23.jpg";"";"Bron: Gerrit de Broen 1774-1782";1663;1810;"MILITAIR";"POINT(4.9215322 52.3641357)";"POINT(52.3641357 4.9215322)";4.9215322;52.3641357;
91;"Bolwerk Oosterbeer 1663-1844";"Militair";"";"B24.jpg";"";"Bron: Gerrit de Broen 1774-1782";1663;1844;"MILITAIR";"POINT(4.9245601 52.3660851)";"POINT(52.3660851 4.9245601)";4.9245601;52.3660851;
92;"Bolwerk Jaap Hannes 1663-1788";"Militair";"";"B25.jpg";"";"Bron: Gerrit de Broen 1774-1782";1663;1788;"MILITAIR";"POINT(4.927609 52.3678207)";"POINT(52.3678207 4.927609)";4.927609;52.3678207;
93;"Bolwerk Zeeburg 1663-1877";"Militair";"";"B26.jpg";"";"Bron: Gerrit de Broen 1774-1782";1663;1877;"MILITAIR";"POINT(4.9305811 52.3696861)";"POINT(52.3696861 4.9305811)";4.9305811;52.3696861;
94;"Walenweeshuis 1683-1967";"Openbaar";"Weeshuis";"Walenweeshuis.jpg";"";"Bron: Gerrit de Broen 1774-1782";1683;1967;"OPENBAAR";"POINT(4.8912711 52.3618088)";"POINT(52.3618088 4.8912711)";4.8912711;52.3618088;
95;"Aalmoezeniersweeshuis 1666-1825";"Openbaar";"Weeshuis";"Aalmoezeniersweeshuis II.jpg";"";"Bron: Balthasar Florisz. van Berckenrode 1625";1666;1825;"OPENBAAR";"POINT(4.8831439 52.3653908)";"POINT(52.3653908 4.8831439)";4.8831439;52.3653908;
96;"Oosterkerk 1671";"Religie";"Kerk";"Oosterkerk.jpg";"";"Bron: Gerrit de Broen 1774-1782";1671;0;"RELIGIE";"POINT(4.9192672 52.3699875)";"POINT(52.3699875 4.9192672)";4.9192672;52.3699875;
97;"Amstelkerk 1668";"Religie";"Kerk";"Amstelkerk.jpg";"";"Bron: Gerrit de Broen 1774-1782";1668;0;"RELIGIE";"POINT(4.8966718 52.3623085)";"POINT(52.3623085 4.8966718)";4.8966718;52.3623085;
98;"Eilandskerk 1659-1939";"Religie";"Kerk";"Eilandskerk.jpg";"";"Bron: Gerrit de Broen 1774-1782";1659;1939;"RELIGIE";"POINT(4.8883991 52.3840904)";"POINT(52.3840904 4.8883991)";4.8883991;52.3840904;
99;"Nieuwe Lutherse Kerk 1671";"Religie";"Kerk";"Nieuwe Lutherse Kerk.jpg";"";"Bron: Gerrit de Broen 1774-1782";1671;0;"RELIGIE";"POINT(4.8937449 52.3779221)";"POINT(52.3779221 4.8937449)";4.8937449;52.3779221;
100;"Oude Lutherse Kerk 1633";"Religie";"Kerk";"Oude Lutherse Kerk.jpg";"";"Bron: Gerrit de Broen 1774-1782";1633;0;"RELIGIE";"POINT(4.8893461 52.3683777)";"POINT(52.3683777 4.8893461)";4.8893461;52.3683777;
123;"R.C. Maagdenhuis 1783";"Openbaar";"Weeshuis";"";"";"";1783;0;"OPENBAAR";"POINT(4.8902121 52.3685913)";"POINT(52.3685913 4.8902121)";4.8902121;52.3685913;
124;"Engels Presbyteriaanse Kerk 1607";"Religie";"Kerk";"Engelse kerk.jpg";"";"Bron: Balthasar Florisz. van Berckenrode 1625";1607;0;"RELIGIE";"POINT(4.8901162 52.3693314)";"POINT(52.3693314 4.8901162)";4.8901162;52.3693314;
126;"Gasthuiskerk 1578-1864";"Religie";"Kerk";"Gasthuis Kerk.jpg";"";"Bron: Gerrit de Broen 1774-1782";1578;1864;"RELIGIE";"POINT(4.893599 52.3686142)";"POINT(52.3686142 4.893599)";4.893599;52.3686142;
127;"Kapel ter Heilige Stede/ Nieuwezijds Kapel 1345";"Religie";"Kapel";"Nwzijds Kapel.jpg";"";"Bron: Cornelis Anthonisz 1544";1345;1908;"RELIGIE";"POINT(4.8919258 52.3702393)";"POINT(52.3702393 4.8919258)";4.8919258;52.3702393;
135;"Nieuwe Synagoge 1752";"Religie";"Synagoge";"Nieuwe Synagoge.jpg";"";"Bron: Gerrit de Broen 1774-1782";1752;0;"RELIGIE";"POINT(4.9040632 52.3670235)";"POINT(52.3670235 4.9040632)";4.9040632;52.3670235;
140;"Portugese Synagoge 1671";"Religie";"Synagoge";"Portugese Synagoge.jpg";"";"Bron: Gerrit de Broen 1774-1782";1671;0;"RELIGIE";"POINT(4.9053559 52.3675346)";"POINT(52.3675346 4.9053559)";4.9053559;52.3675346;
144;"Synagoge aan de Uilenburgerstraat 1766";"Religie";"Synagoge";"Synagoge Uilenburg.jpg";"";"Bron: Gerrit de Broen 1774-1782";1766;0;"RELIGIE";"POINT(4.9053349 52.3701706)";"POINT(52.3701706 4.9053349)";4.9053349;52.3701706;
148;"Oude Walenkerk 1586";"Religie";"Kerk";"Walenkerk.jpg";"";"Bron: Balthasar Florisz. van Berckenrode 1625";1586;0;"RELIGIE";"POINT(4.8972421 52.3710136)";"POINT(52.3710136 4.8972421)";4.8972421;52.3710136;
150;"Armeense Kerk 1714";"Religie";"Kerk";"Persiaanse kerk.jpg";"";"Bron: Gerrit de Broen 1774-1782";1714;0;"RELIGIE";"POINT(4.9020939 52.3717155)";"POINT(52.3717155 4.9020939)";4.9020939;52.3717155;
156;"Olofspoort gevangenis";"Openbaar";"Strafinrichting";"SintOlofspoort.jpg";"";"Bron: Cornelis Anthonisz 1544";1425;1618;"OPENBAAR";"POINT(4.8996649 52.3762245)";"POINT(52.3762245 4.8996649)";4.8996649;52.3762245;
157;"Magazijn Admiraliteit 1579-1632";"Openbaar";"Admiraliteit";"";"";"";1579;1632;"OPENBAAR";"POINT(4.8951149 52.3700714)";"POINT(52.3700714 4.8951149)";4.8951149;52.3700714;
159;"Leidsepoort 1663-1862";"Militair";"Poort";"Leidsepoort.jpg";"";"Bron: Gerrit de Broen 1774-1782";1663;1862;"MILITAIR";"POINT(4.8822398 52.3638763)";"POINT(52.3638763 4.8822398)";4.8822398;52.3638763;
160;"Muiderpoort 1663";"Militair";"Poort";"Muiderpoort.jpg";"";"Bron: Gerrit de Broen 1774-1782";1663;0;"MILITAIR";"POINT(4.9194579 52.3637238)";"POINT(52.3637238 4.9194579)";4.9194579;52.3637238;
161;"Utrechtse Poort 1663-1859";"Militair";"Poort";"Utrechtsepoort.jpg";"";"Bron: Gerrit de Broen 1774-1782";1663;1859;"MILITAIR";"POINT(4.9000468 52.3595047)";"POINT(52.3595047 4.9000468)";4.9000468;52.3595047;
162;"Weesperpoort 1663-1857";"Militair";"Poort";"Weesperpoort.jpg";"";"Bron: Gerrit de Broen 1774-1782";1663;1857;"MILITAIR";"POINT(4.9080348 52.3610535)";"POINT(52.3610535 4.9080348)";4.9080348;52.3610535;
163;"Weteringpoort 1668-1842";"Militair";"Poort";"Weteringspoort (2).jpg";"";"Bron: Gerrit de Broen 1774-1782";1668;1842;"MILITAIR";"POINT(4.8880548 52.3603172)";"POINT(52.3603172 4.8880548)";4.8880548;52.3603172;
164;"Schreierstoren 1482";"Militair";"";"Schreierstoren1544.jpg";"";"Bron: Cornelis Anthonisz 1544";1482;0;"MILITAIR";"POINT(4.902257 52.3764)";"POINT(52.3764 4.902257)";4.902257;52.3764;
165;"Swijgh Utregt rond 1490-1882";"Militair";"";"SwijgUtrecht1544.jpg";"";"Bron: Cornelis Anthonisz 1544";1482;1882;"MILITAIR";"POINT(4.896059 52.3682709)";"POINT(52.3682709 4.896059)";4.896059;52.3682709;
166;"Rondeel 1535-1895";"Militair";"";"Rondeel1544.jpg";"";"Bron: Cornelis Anthonisz 1544";1535;1895;"MILITAIR";"POINT(4.8943849 52.3673439)";"POINT(52.3673439 4.8943849)";4.8943849;52.3673439;
167;"Jan Roodenpoortstoren rond 1490-1829";"Militair";"Poort";"JanRoodenpoortstoren.jpg";"";"Bron: Cornelis Anthonisz 1544";1490;1829;"MILITAIR";"POINT(4.8897481 52.3745308)";"POINT(52.3745308 4.8897481)";4.8897481;52.3745308;
168;"Versterking";"Militair";"";"";"";"";1280;1304;"MILITAIR";"POINT(4.8951011 52.3758812)";"POINT(52.3758812 4.8951011)";4.8951011;52.3758812;
169;"Haarlemmerpoort 1380-1425";"Militair";"Poort";"";"";"";1380;1425;"MILITAIR";"POINT(4.8960638 52.3777237)";"POINT(52.3777237 4.8960638)";4.8960638;52.3777237;
170;"Haarlemmerpoort 1579-1613";"Militair";"Poort";"";"";"";1579;1613;"MILITAIR";"POINT(4.8927999 52.3800201)";"POINT(52.3800201 4.8927999)";4.8927999;52.3800201;
171;"Haringpakkerstoren rond 1490-1829";"Militair";"";"Haringpakkerstoren.jpg";"";"Bron: Balthasar Florisz. van Berckenrode 1625";1490;1829;"MILITAIR";"POINT(4.8952942 52.3791656)";"POINT(52.3791656 4.8952942)";4.8952942;52.3791656;
172;"Onze-Lieve-Vrouwegasthuis ca 1350-1582";"Openbaar";"";"OnzeLieveVrouweGasthuis1544.jpg";"";"Bron: Cornelis Anthonisz 1544";1350;1582;"OPENBAAR";"POINT(4.8943391 52.3754234)";"POINT(52.3754234 4.8943391)";4.8943391;52.3754234;
173;"St.-Pietersgasthuis 1395-1578";"Openbaar";"Gasthuis";"pietersgasthuis.jpg";"";"Bron: Cornelis Anthonisz 1544";1395;1578;"OPENBAAR";"POINT(4.8932419 52.3710899)";"POINT(52.3710899 4.8932419)";4.8932419;52.3710899;
174;"Atheneum Illustre 1632";"Openbaar";"";"Atheneum Illustre.jpg";"";"Bron: Gerrit de Broen 1774-1782";1632;0;"OPENBAAR";"POINT(4.8950019 52.3699265)";"POINT(52.3699265 4.8950019)";4.8950019;52.3699265;
175;"Begijnhof 1307";"Religie";"";"Begijnhof.jpg";"";"Bron: Cornelis Anthonisz 1544";1307;0;"RELIGIE";"POINT(4.8900881 52.3695602)";"POINT(52.3695602 4.8900881)";4.8900881;52.3695602;
176;"Stadhuis / Paleis 1655";"Openbaar";"";"Stadhuis Paleis.jpg";"";"Bron: Gerrit de Broen 1774-1782";1655;0;"OPENBAAR";"POINT(4.891614 52.3731537)";"POINT(52.3731537 4.891614)";4.891614;52.3731537;
177;"St. Jorishof 1403-1901";"Openbaar";"Gasthuis";"Sint Jorishof.jpg";"";"Bron: Cornelis Anthonisz 1544";1403;1485;"OPENBAAR";"POINT(4.8922901 52.3679161)";"POINT(52.3679161 4.8922901)";4.8922901;52.3679161;
181;"Korenbeurs van Hendrick de Keyser 1617-1884";"Openbaar";"Financieel";"Korenbeurs.jpg";"";"Bron: Gerrit de Broen 1774-1782";1617;1884;"OPENBAAR";"POINT(4.89677 52.3753929)";"POINT(52.3753929 4.89677)";4.89677;52.3753929;
182;"Korenmetershuisje 1620";"Openbaar";"Financieel";"Korenmetershuisje.jpg";"";"Bron: Gerrit de Broen 1774-1782";1620;0;"OPENBAAR";"POINT(4.8949189 52.376255)";"POINT(52.376255 4.8949189)";4.8949189;52.376255;
185;"Onze-Lieve-Vrouwekapel 1345-1597";"Religie";"Kapel";"OnzeLieveVrouwekapel.jpg";"";"Bron: Cornelis Anthonisz 1544";1345;1597;"RELIGIE";"POINT(4.89501 52.3752174)";"POINT(52.3752174 4.89501)";4.89501;52.3752174;
186;"VOC-werf 1660-1795";"Productie";"";"Oostenburg.jpg";"";"Bron: Gerrit de Broen 1774-1782";1660;1795;"PRODUCTIE";"POINT(4.9261231 52.3707275)";"POINT(52.3707275 4.9261231)";4.9261231;52.3707275;
187;"Korenmolen De Bok 1613-1879";"Productie";"";"B1Molen.jpg";"";"Bron: Gerrit de Broen 1774-1782";1613;1879;"PRODUCTIE";"POINT(4.890161 52.389431)";"POINT(52.389431 4.890161)";4.890161;52.389431;
188;"Korenmolen De Vervanger 1688-1878";"Productie";"";"B2Molen.jpg";"";"Bron: Gerrit de Broen 1774-1782";1688;1878;"PRODUCTIE";"POINT(4.8855901 52.3887367)";"POINT(52.3887367 4.8855901)";4.8855901;52.3887367;
189;"Korenmolen De Beer 1613-1861";"Productie";"";"B3Molen.jpg";"";"Bron: Gerrit de Broen 1774-1782";1613;1861;"PRODUCTIE";"POINT(4.883841 52.3865356)";"POINT(52.3865356 4.883841)";4.883841;52.3865356;
190;"Korenmolen De Kraay 1613-1838";"Productie";"";"B4Molen.jpg";"";"Bron: Gerrit de Broen 1774-1782";1613;1838;"PRODUCTIE";"POINT(4.8822751 52.3840523)";"POINT(52.3840523 4.8822751)";4.8822751;52.3840523;
191;"Korenmolen De Palm 1613-1831";"Productie";"";"B5Molen.jpg";"";"Bron: Gerrit de Broen 1774-1782";1613;1831;"PRODUCTIE";"POINT(4.8807621 52.3816757)";"POINT(52.3816757 4.8807621)";4.8807621;52.3816757;
192;"Korenmolen De Kat 1613-1869";"Productie";"";"B6Molen.jpg";"";"Bron: Gerrit de Broen 1774-1782";1613;1869;"PRODUCTIE";"POINT(4.879303 52.3793068)";"POINT(52.3793068 4.879303)";4.879303;52.3793068;
193;"Gortmolen De Hoyberg 1613-1875";"Productie";"";"B7Molen.jpg";"";"Bron: Gerrit de Broen 1774-1782";1613;1875;"PRODUCTIE";"POINT(4.8776722 52.3768578)";"POINT(52.3768578 4.8776722)";4.8776722;52.3768578;
194;"Korenmolen De Blom 1613-1877";"Productie";"";"B8Molen.jpg";"";"Bron: Gerrit de Broen 1774-1782";1613;1877;"PRODUCTIE";"POINT(4.876224 52.3744736)";"POINT(52.3744736 4.876224)";4.876224;52.3744736;
195;"Korenmolen De Smeerpot/ De Victor 1613-1898";"Productie";"";"B9Molen.jpg";"";"Bron: Gerrit de Broen 1774-1782";1613;1898;"PRODUCTIE";"POINT(4.8756442 52.3718987)";"POINT(52.3718987 4.8756442)";4.8756442;52.3718987;
196;"Zeemtouwersmolen De Grote Stinkmolen 1613-1808";"Productie";"";"B10Molen.jpg";"";"Bron: Gerrit de Broen 1774-1782";1613;1808;"PRODUCTIE";"POINT(4.8772221 52.369442)";"POINT(52.369442 4.8772221)";4.8772221;52.369442;
197;"Zeemtouwersmolen De Star/ Kleine Stinkmolen 1613-1797";"Productie";"";"B11Molen.jpg";"";"Bron: Gerrit de Broen 1774-1782";1613;1797;"PRODUCTIE";"POINT(4.8787241 52.367157)";"POINT(52.367157 4.8787241)";4.8787241;52.367157;
198;"Korenmolen De Liefde 1663-1870";"Productie";"";"B12Molen.jpg";"";"Bron: Gerrit de Broen 1774-1782";1663;1870;"PRODUCTIE";"POINT(4.8804722 52.3647461)";"POINT(52.3647461 4.8804722)";4.8804722;52.3647461;
199;"Korenmolen De Roomolen 1663-1844";"Productie";"";"B13Molen.jpg";"";"Bron: Gerrit de Broen 1774-1782";1663;1844;"PRODUCTIE";"POINT(4.883101 52.3627663)";"POINT(52.3627663 4.883101)";4.883101;52.3627663;
200;"Korenmolen De Spring 1663-1874";"Productie";"";"B14Molen.jpg";"";"Bron: Gerrit de Broen 1774-1782";1663;1874;"PRODUCTIE";"POINT(4.886405 52.3611984)";"POINT(52.3611984 4.886405)";4.886405;52.3611984;
201;"Korenmolen De Wetering 1663-1873";"Productie";"";"B15Molen.jpg";"";"Bron: Gerrit de Broen 1774-1782";1663;1873;"PRODUCTIE";"POINT(4.8896241 52.3596611)";"POINT(52.3596611 4.8896241)";4.8896241;52.3596611;
202;"Korenmolen De Hoop 1663-1868";"Productie";"";"B16Molen.jpg";"";"Bron: Gerrit de Broen 1774-1782";1663;1868;"PRODUCTIE";"POINT(4.8937759 52.3592186)";"POINT(52.3592186 4.8937759)";4.8937759;52.3592186;
203;"Korenmolen De Roode Haan 1663-1872";"Productie";"";"B17Molen.jpg";"";"Bron: Gerrit de Broen 1774-1782";1663;1872;"PRODUCTIE";"POINT(4.898108 52.3589973)";"POINT(52.3589973 4.898108)";4.898108;52.3589973;
204;"Korenmolen De Groen/ De Leeuw 1663-1868";"Productie";"";"B18Molen.jpg";"";"";1663;1868;"PRODUCTIE";"POINT(4.902123 52.3598061)";"POINT(52.3598061 4.902123)";4.902123;52.3598061;
205;"Korenmolen De Groen/ De Leeuw 1663-1868";"Productie";"";"B18Molen.jpg";"";"Bron: Gerrit de Broen 1774-1782";1663;1868;"PRODUCTIE";"POINT(4.902123 52.3598061)";"POINT(52.3598061 4.902123)";4.902123;52.3598061;
206;"Korenmolen De Bul 1663-1863";"Productie";"";"B19Molen.jpg";"";"Bron: Gerrit de Broen 1774-1782";1663;1863;"PRODUCTIE";"POINT(4.906179 52.3605461)";"POINT(52.3605461 4.906179)";4.906179;52.3605461;
207;"Korenmolen De Fortuin 1663-1863";"Productie";"";"B20Molen.jpg";"";"Bron: Gerrit de Broen 1774-1782";1663;1863;"PRODUCTIE";"POINT(4.9100728 52.3613319)";"POINT(52.3613319 4.9100728)";4.9100728;52.3613319;
208;"Korenmolen De Valk 1663-1870";"Productie";"";"B21Molen.jpg";"";"Bron: Gerrit de Broen 1774-1782";1663;1870;"PRODUCTIE";"POINT(4.9139791 52.3620644)";"POINT(52.3620644 4.9139791)";4.9139791;52.3620644;
209;"Korenmolen De Drie Prinsen/ De Hond 1663-1865";"Productie";"";"B22Molen.jpg";"";"Bron: Gerrit de Broen 1774-1782";1663;1865;"PRODUCTIE";"POINT(4.9178519 52.3628845)";"POINT(52.3628845 4.9178519)";4.9178519;52.3628845;
210;"Korenmolen De Ruyter 1663-1863";"Productie";"";"B23Molen.jpg";"";"Bron: Gerrit de Broen 1774-1782";1663;1863;"PRODUCTIE";"POINT(4.9214029 52.3642807)";"POINT(52.3642807 4.9214029)";4.9214029;52.3642807;
211;"Korenmolen De Gooyer1663-1814";"Productie";"";"B24Molen.jpg";"";"Bron: Gerrit de Broen 1774-1782";1663;1814;"PRODUCTIE";"POINT(4.924418 52.3661995)";"POINT(52.3661995 4.924418)";4.924418;52.3661995;
212;"Houtzaagmolen Oostindische Compagnie";"Productie";"";"B25Molen.jpg";"";"Bron: Gerrit de Broen 1774-1782";1663;1788;"PRODUCTIE";"POINT(4.9274859 52.3679428)";"POINT(52.3679428 4.9274859)";4.9274859;52.3679428;
213;"Chocolade/loodwitmolen De Zon 1663-1856";"Productie";"";"B26Molen.jpg";"";"Bron: Gerrit de Broen 1774-1782";1663;1856;"PRODUCTIE";"POINT(4.9303508 52.3697815)";"POINT(52.3697815 4.9303508)";4.9303508;52.3697815;
214;"Admiraliteitswerf/Marineterrein 1657";"Productie";"";"Admiraliteitswerf.jpg";"";"Bron: Gerrit de Broen 1774-1782";1657;0;"PRODUCTIE";"POINT(4.9163389 52.3722992)";"POINT(52.3722992 4.9163389)";4.9163389;52.3722992;
215;"Peperwerf Rapenburg 1602-1660";"Productie";"";"peperwerf.jpg";"";"";1602;1660;"PRODUCTIE";"POINT(4.9088068 52.3718338)";"POINT(52.3718338 4.9088068)";4.9088068;52.3718338;
216;"Werven Bickerseiland ca. 1640-1725";"Productie";"";"Bickerseilandzoom.jpg";"";"Bron: Balthasar Florisz. van Berckenrode 1657";1640;1725;"PRODUCTIE";"POINT(4.889163 52.3849449)";"POINT(52.3849449 4.889163)";4.889163;52.3849449;
217;"Werven Marken 1602-1700";"Productie";"";"Marken.jpg";"";"Bron: Balthasar Florisz. van Berckenrode 1625";1602;1700;"PRODUCTIE";"POINT(4.906189 52.3697128)";"POINT(52.3697128 4.906189)";4.906189;52.3697128;
218;"Werven Uilenburg 1593-1660";"Productie";"";"Uilenburg.jpg";"";"Bron: Balthasar Florisz. van Berckenrode 1625";1593;1660;"PRODUCTIE";"POINT(4.9051542 52.3705368)";"POINT(52.3705368 4.9051542)";4.9051542;52.3705368;
219;"Pottenbakkerij Blankenburg 1754-1764";"Productie";"";"";"";"";1754;1764;"PRODUCTIE";"POINT(4.866374 52.3601227)";"POINT(52.3601227 4.866374)";4.866374;52.3601227;
220;"Lijnbanen Oostenburg 1661-1943";"Productie";"";"lijnbaanVOC Admiraliteit.jpg";"";"Bron: Gerrit de Broen 1774-1782";1661;1943;"PRODUCTIE";"POINT(4.9281249 52.3697052)";"POINT(52.3697052 4.9281249)";4.9281249;52.3697052;
221;"Bolwerk 1592-1663";"Militair";"";"bolwerk 2e A.jpg";"";"Bron: Balthasar Florisz. van Berckenrode 1625";1592;1663;"MILITAIR";"POINT(4.8894949 52.3660889)";"POINT(52.3660889 4.8894949)";4.8894949;52.3660889;
222;"Bolwerk 1592-1663";"Militair";"";"bolwerk 2e B.jpg";"";"Bron: Balthasar Florisz. van Berckenrode 1625";1592;1663;"MILITAIR";"POINT(4.894259 52.3653297)";"POINT(52.3653297 4.894259)";4.894259;52.3653297;
223;"Bolwerk 1592-1663";"Militair";"";"bolwerk 2e C.jpg";"";"Bron: Balthasar Florisz. van Berckenrode 1625";1592;1663;"MILITAIR";"POINT(4.8999019 52.3658905)";"POINT(52.3658905 4.8999019)";4.8999019;52.3658905;
224;"Bolwerk 1592-1663";"Militair";"";"bolwerk 2e D.jpg";"";"Bron: Balthasar Florisz. van Berckenrode 1625";1592;1663;"MILITAIR";"POINT(4.9029279 52.3665733)";"POINT(52.3665733 4.9029279)";4.9029279;52.3665733;
225;"Bolwerk 1592-1663";"Militair";"";"bolwerk 2e E.jpg";"";"Bron: Balthasar Florisz. van Berckenrode 1625";1592;1663;"MILITAIR";"POINT(4.9065428 52.3680382)";"POINT(52.3680382 4.9065428)";4.9065428;52.3680382;
226;"Bolwerk 1592-1663";"Militair";"";"bolwerk 2e F.jpg";"";"Bron: Balthasar Florisz. van Berckenrode 1625";1592;1663;"MILITAIR";"POINT(4.9093442 52.3693428)";"POINT(52.3693428 4.9093442)";4.9093442;52.3693428;
227;"Bolwerk Rijzenhoofd 1592-1663";"Militair";"";"bolwerk 2e G Rijzenhoofd.jpg";"";"Bron: Balthasar Florisz. van Berckenrode 1625";1592;1663;"MILITAIR";"POINT(4.912519 52.3708839)";"POINT(52.3708839 4.912519)";4.912519;52.3708839;
228;"Bolwerk 1578-1613";"Militair";"";"Bolwerk 1e A.jpg";"";"Bron: Pieter Bast 1597";1578;1613;"MILITAIR";"POINT(4.8921719 52.3799973)";"POINT(52.3799973 4.8921719)";4.8921719;52.3799973;
229;"Bolwerk 1578-1613";"Militair";"";"Bolwerk 1e B.jpg";"";"Bron: Pieter Bast 1597";1578;1613;"MILITAIR";"POINT(4.8893828 52.3770485)";"POINT(52.3770485 4.8893828)";4.8893828;52.3770485;
230;"Bolwerk 1578-1613";"Militair";"";"Bolwerk 1e C.jpg";"";"Bron: Pieter Bast 1597";1578;1613;"MILITAIR";"POINT(4.8867269 52.3742332)";"POINT(52.3742332 4.8867269)";4.8867269;52.3742332;
231;"Bolwerk 1578-1613";"Militair";"";"Bolwerk 1e D.jpg";"";"Bron: Pieter Bast 1597";1578;1613;"MILITAIR";"POINT(4.8862982 52.3709793)";"POINT(52.3709793 4.8862982)";4.8862982;52.3709793;
232;"Hortus Botanicus 1682";"Openbaar";"";"Hortus Botanicus.jpg";"";"Bron: Gerrit de Broen 1774-1782";1682;2014;"OPENBAAR";"POINT(4.9083381 52.367115)";"POINT(52.367115 4.9083381)";4.9083381;52.367115;
233;"Grote Synagoge 1671";"Religie";"Synagoge";"Grote Synagoge.jpg";"";"Bron: Gerrit de Broen 1774-1782";1671;0;"RELIGIE";"POINT(4.9039121 52.3672371)";"POINT(52.3672371 4.9039121)";4.9039121;52.3672371;
234;"Obbene Sjoel 1685";"Religie";"Synagoge";"Synagoge complex.jpg";"";"";1685;0;"RELIGIE";"POINT(4.9037781 52.3670769)";"POINT(52.3670769 4.9037781)";4.9037781;52.3670769;
235;"Dritt Sjoel 1700";"Religie";"Synagoge";"Synagoge complex.jpg";"";"";1700;0;"RELIGIE";"POINT(4.9037118 52.3672256)";"POINT(52.3672256 4.9037118)";4.9037118;52.3672256;
236;"Waag Westerhal 1619-1857";"Openbaar";"";"Waag Westerhal.jpg";"";"Bron: Balthasar Florisz. van Berckenrode 1625";1619;1857;"OPENBAAR";"POINT(4.8845329 52.3741531)";"POINT(52.3741531 4.8845329)";4.8845329;52.3741531;
237;"Oudevrouwenhuis Diaconie 1683";"Openbaar";"Ouderenzorg";"diaconie oudevrouwenhuis.jpg";"";"Bron: Gerrit de Broen 1774-1782";1683;0;"OPENBAAR";"POINT(4.902719 52.3653564)";"POINT(52.3653564 4.902719)";4.902719;52.3653564;
238;"Diaconie Weeshuis 1657-1880";"Openbaar";"Weeshuis";"Diaconie weeshuis.jpg";"";"Bron: Gerrit de Broen 1774-1782";1657;1880;"OPENBAAR";"POINT(4.9000258 52.3678741)";"POINT(52.3678741 4.9000258)";4.9000258;52.3678741;
239;"Engelsche Weeshuis 1779-1864";"Openbaar";"Weeshuis";"";"";"";1779;1864;"OPENBAAR";"POINT(4.8975339 52.3723145)";"POINT(52.3723145 4.8975339)";4.8975339;52.3723145;
240;"Waag 1533-1808";"Openbaar";"";"Waag Dam 1625.jpg";"";"Bron: Balthasar Florisz. van Berckenrode 1625";1533;1808;"OPENBAAR";"POINT(4.8924479 52.373127)";"POINT(52.373127 4.8924479)";4.8924479;52.373127;
241;"Toren Leeuwenburg ca. 1490-1614";"Militair";"";"Toren Leeuwenburg.jpg";"";"Bron: Cornelis Anthonisz 1544";1490;1614;"MILITAIR";"POINT(4.8936338 52.3672142)";"POINT(52.3672142 4.8936338)";4.8936338;52.3672142;
242;"Glashuis De Twee Rozen 1657-1679";"Productie";"";"";"";"";1657;1679;"PRODUCTIE";"POINT(4.8774838 52.3722801)";"POINT(52.3722801 4.8774838)";4.8774838;52.3722801;
243;"Glashuis De Twee Rozen 1621-1657";"Productie";"";"";"";"";1621;1657;"PRODUCTIE";"POINT(4.8853569 52.3712425)";"POINT(52.3712425 4.8853569)";4.8853569;52.3712425;
244;"Glashuis Abraham van Tongerloo 1613-1619";"Productie";"";"";"";"";1613;1619;"PRODUCTIE";"POINT(4.893095 52.3670845)";"POINT(52.3670845 4.893095)";4.893095;52.3670845;
245;"Glashuis Jan Hendriksz Soop 1601-1631";"Productie";"";"Glashuis Soop.jpg";"";"";1601;1631;"PRODUCTIE";"POINT(4.8971448 52.3687477)";"POINT(52.3687477 4.8971448)";4.8971448;52.3687477;
246;"Glashuis Antonio Obizzo 1597-1601";"Productie";"";"";"";"";1597;1601;"PRODUCTIE";"POINT(4.889957 52.3694725)";"POINT(52.3694725 4.889957)";4.889957;52.3694725;
247;"Werven Realeneiland ca. 1613-1725";"Productie";"";"Realeneiland25.jpg";"";"Bron: Balthasar Florisz. van Berckenrode 1625";1613;1725;"PRODUCTIE";"POINT(4.8881011 52.3875656)";"POINT(52.3875656 4.8881011)";4.8881011;52.3875656;
248;"Stads Klok- en geschutsgieterij 1614";"Productie";"";"Giethuis.jpg";"";"Bron: Balthasar Florisz. van Berckenrode 1657";1614;1800;"PRODUCTIE";"POINT(4.8803759 52.3786507)";"POINT(52.3786507 4.8803759)";4.8803759;52.3786507;
249;"Het Haantje 1661";"Religie";"Schuilkerk";"";"";"";1661;0;"RELIGIE";"POINT(4.8992672 52.3750877)";"POINT(52.3750877 4.8992672)";4.8992672;52.3750877;
250;"Nieuwezijds Huiszittenhuis 1654-1870";"Openbaar";"";"Nieuwezijds Huiszittenhuis.jpg";"";"Bron: Gerrit de Broen 1774-1782";1654;1870;"OPENBAAR";"POINT(4.885231 52.3764801)";"POINT(52.3764801 4.885231)";4.885231;52.3764801;
251;"Oudezijds Huiszittenhuis 1654";"Openbaar";"";"OZ Huiszittenhuis.jpg";"";"Bron: Gerrit de Broen 1774-1782";1654;0;"OPENBAAR";"POINT(4.9033518 52.3677216)";"POINT(52.3677216 4.9033518)";4.9033518;52.3677216;
252;"Klokken- en geschutgieterij Hemony 1655-1683";"Productie";"";"";"";"";1655;1683;"PRODUCTIE";"POINT(4.8838792 52.3670044)";"POINT(52.3670044 4.8838792)";4.8838792;52.3670044;
253;"Oude Kerks kapel 1250-1306";"Religie";"Kapel";"";"";"";1250;1306;"RELIGIE";"POINT(4.8981109 52.3743172)";"POINT(52.3743172 4.8981109)";4.8981109;52.3743172;
259;"Pottenbakkerij Aan den Overtoom ca. 1650-1879";"Productie";"";"";"";"";1650;1879;"PRODUCTIE";"POINT(4.8618789 52.3589554)";"POINT(52.3589554 4.8618789)";4.8618789;52.3589554;
260;"Pesthuis 1630-1937";"Openbaar";"";"";"";"";1630;1937;"OPENBAAR";"POINT(4.8713498 52.3642654)";"POINT(52.3642654 4.8713498)";4.8713498;52.3642654;
261;"Stallen Oudezijds Huiszittenhuis 1769-1938";"Productie";"";"";"";"";1769;1938;"PRODUCTIE";"POINT(4.955204 52.3658409)";"POINT(52.3658409 4.955204)";4.955204;52.3658409;
262;"Galgenveld ca. 1360-1795";"Openbaar";"Strafinrichting";"galgenveld.jpg";"";"Bron: Cornelis Anthonisz 1544";1360;1795;"OPENBAAR";"POINT(4.9023249 52.3836903)";"POINT(52.3836903 4.9023249)";4.9023249;52.3836903;
263;"Stadsschuitenmakerswerf  1664-1857";"Productie";"";"Stadsschuitenmakerswerf.jpg";"";"";1664;1857;"PRODUCTIE";"POINT(4.9223261 52.369442)";"POINT(52.369442 4.9223261)";4.9223261;52.369442;

